Feature1,Feature2,Label
-0.2867846279765476,-1.7307774071514055,0
-1.32232295712145,0.8072595037738493,0
1.7173906631136298,0.9099711507307688,1
0.2166082416761949,0.2206068928218624,1
-1.5437987796366874,2.529026176016366,0
-1.1134125777509902,0.5082274913101219,0
-0.103438780820366,-2.1097507193035607,0
1.1737931594922528,-1.6215218839832373,1
